title,artist,song_id,lyrics
Golden,HUNTR/X,39166708,"I was a ghost, I was alone, hah
어두워진, hah, 앞길속에 (Ah)
Given the throne, I didn't know how to believe
I was the queen that I'm meant to be
I lived two lives, tried to play both sides
But I couldn't find my own place
Called a problem child 'cause I got too wild
But now that's how I'm getting paid, 끝없이 on stage
I'm done hidin', now I'm shinin' like I'm born to be
We dreamin' hard, we came so far, now I believe
We're goin' up, up, up, it's our moment
You know together we're glowing
Gonna be, gonna be golden
Oh, up, up, up with our voices
영원히 깨질 수 없는
Gonna be, gonna be golden
Oh, I'm done hidin' now I'm shinin' like I'm born to be
Oh, our time, no fear, no lies
That's who we're born to be
Waited so long to break these walls down
To wake up and feel like me
Put these patterns all in the past now
And finally live like the girl they all see
No more hiding, I'll be shining like I'm born to be
'Cause we are hunters, voices strong, and I know I believe
We're goin' up, up, up, it's our moment
You know together we're glowing
Gonna be, gonna be golden
Oh, up, up, up, with our voices
영원히 깨질 수 없는
Gonna be, gonna be golden
Oh, I'm done hidin', now I'm shining like I'm born to be
Oh, our time, no fears, no lies
That's who we're born to be
You know we're gonna be, gonna be golden
We're gonna be, gonna be
Born to be, born to be glowin'
밝게 빛나는 우린
You know that it's our time, no fears, no lies
That's who we're born to be"
Soda Pop,KPop Demon Hunters Cast,39166705,"Hey, hey
Hey, hey
Hey
Don't want you, need you
Yeah, I need you to fill me up
마시고 마셔 봐도
성에 차지 않아
Got a feeling that, oh, yeah (Yeah)
You could be everything that
That I need (Need), taste so sweet (Sweet)
Every sip makes me want more, yeah
Lookin like snacks 'cause you got it like that (Woo)
Take a big bite, want another bite, yeah
너의 모든 걸 난 원해, 원해, 원해
너 말곤 모두 뻔해, 뻔해, 뻔해
When you're in my arms, I hold you so tight (So tight)
Can't let go, no, no, not tonight
지금 당장 날 봐 시간 없잖아
넌 내꺼야 이미 알고 있잖아
'Cause I need you to need me
I'm empty, you feed me so refreshing
My little soda pop
You're all I can think of
Every drop I drink up
You're my soda pop
My little soda pop
Cool me down, you're so hot
Pour me up, I won't stop
You're my soda pop
My little soda pop
My little soda pop
Uh, make me wanna flip the top
한 모금에 you hit the spot
Every little drip and drop, fizz and pop, ah
소름 돋아 it's gettin' hot
Yes, I'm sippin' when it's drippin' now
It's done? I need a second round
And pour a lot and don't you stop
'Til my soda pop fizzles out
꿈 속에 그려왔던 너
난 절대 놓칠 수 없어
널 원해 꼭
I waited so long for a taste of soda
So, the wait is over, baby
Come and fill me up
Just can't get enough
Oh
You're all I can think of
Every drop I drink up
You're my soda pop
My little soda pop (Yeah, yeah)
Cool me down, you're so hot
Pour me up, I won't stop (Oh, oh)
You're my soda pop
My little soda pop
Ooh, ooh
Ooh, ooh
You're my soda pop
Gotta drink every drop"
FAMOUS,ALLDAY PROJECT,39156202,"분명 나쁜 아이는 아니어도
또 틀에 가두면 we break it
Bum no bigger than the girl nextdoor
무대 서면 we fake it
No white collar 근데 얜 좀 쳐
When I put mans in their places
모든 시선들은 날 따라와
But we ain't even famous
Don't you try me I want some more
Don't you play me we on the floor
Don't you try me I want some more
(We ain’t even famous)
Don't you try me I want some more
Don't you play me we on the floor
Don't you try me I want some more
(We ain’t even famous)
Money don’t make friends, only got my fam
Pull up with my M’s and I make the money dance
Funny how it goes but this is how it ends
This is how I live by the name Tarzzan
I ain’t even famous
다들 날 보면 오 they say less
And my kit in my whip is the latest
내 가친 조 단위 임마 불러봐
Name is “The Greatest Unfamous” 
느껴져 내 분위기
When I walk 다 돌아봐
I be gettin what I need
Those things I’ve got
Think it’s going to my head
Know you lookin’ when I dance
Take a quick pic for your friend
내 이름 알아둬
분명 나쁜 아이는 아니어도
또 틀에 가두면 we break it
Bum no bigger than the girl nextdoor
무대 서면 we fake it
No white collar 근데 얜 좀 쳐
When I put mans in their places
모든 시선들은 날 따라와
But we ain't even famous
I'm stacking my dollars
난 뿌리부터 달라, 초록 빛깔 color
감출 수 없어, 나잖아 빛이
Not even famous but they wanna be us
같은 공기지만 우린 너무 다른 위치
비교 말어 걔넨 전부 구려
똑같은 걸 해도 I do it better
말해 뭐해 I’m a trendsetter
All day show ‘em 끝없는 체력
내 표적은 네 머리
When I walk 다 돌아봐
I be gettin what I need
Those things I’ve got
Think it’s going to my head
Know you lookin’ when I dance
Take a quick pic for your friend
내 이름 알아둬
분명 나쁜 아이는 아니어도
또 틀에 가두면 we break it
범 무서운지 모르고 덤벼
겁 없이 I just face it
No white collar 근데 얜 좀 쳐
When I put mans in their places
모든 시선들은 날 따라와
But we ain't even famous
Don't you try me I want some more
Don't you play me we on the floor
Don't you try me I want some more
(We ain’t even famous)
Don't you try me I want some more
Don't you play me we on the floor
Don't you try me I want some more
(We ain’t even famous)"
뛰어(JUMP),BLACKPINK,39298775,"I’m not that easy to tame
You should see me under these lights
All my tears turn to ice
That’s the sweetest escape
Every time the feeling kicks in
I might stay through the night
Bet you get it now
Rocked that didn’t I
착각 하지마 누가 누군지 oh
Think you runnin that
Guess we gunnin back
You know I walk yeah I talk it
눈감고 하나 둘 셋
뛰어
뛰어 뛰어
뛰어 뛰어
So come up with me I’ll take you high
That prima donna spice up your life
You know I got that shit that you like
So come up with me run up uh jump 뛰어
Watch me runnin up the place
I’m already stuntin’ and my girls are on the way
Watch me open up the place
Wanna see you bumpin baby
Bouncin to the bass
Are you not entertained
I ain’t gotta explain it
I’m with all of my sisters
Got em goin insane, yeah
You know we on a mission
All gas no brakes, yeah
Breaking out of the system
Breaking out of this cage, yeah
Bet you get it now
Ate that didn’t I
순간 잊지마 누가 누군지 oh
Think you runnin that
Guess we gunnin back
You know I walk yeah I talk it
눈감고 하나 둘 셋
뛰어
뛰어 뛰어
뛰어 뛰어
So come up with me I’ll take you high
That prima donna spice up your life
You know I got that shit that you like
So come up with me run up uh jump 뛰어
Watch me runnin up the place
I’m already stuntin’ and my girls are on the way
Watch me open up the place
Wanna see you bumpin baby
Bouncin to the bass
Blackpink in your area"
Dirty Work,aespa,39121279,"World domination
I don’t gotta say it
전엔 없던
돌연변이 같아
저주야 난
다수로 볼 땐
Set ‘em on fire
스스로 밝혀
And I don’t really care if you
like me, like me
I don’t really wanna play
nicely, nicely
오답을 고른 게
정답인 선택
Open your eyes,
come and
Bite me
Sharp teeth,
bite first
Real bad business,
that’s Dirty Work
Real bad business,
that’s Dirty Work
Real bad business,
that’s Dirty Work
Bold eyes,
cold stare
Real bad business,
that’s Dirty Work
Real bad business,
that’s Dirty Work
Real bad business,
that’s Dirty Work
Work, work, work, work
work, work, work
Real bad business,
that’s Dirty Work
Real bad business,
that’s Dirty Work
I’m not an it girl
more like a hit girl
Mafia ties going
back to the old world
Fear in their eyes
I’m always watching
Call me the reaper
I’m knock knock knocking
It’s me, it’s me,
a little baddie
Just ‘cause
I’m pretty doesn’t mean
I don’t do hard things
Hard things,
make me feel like a thunder
Let me think 뭐를 하든
I will like it, like it
Sharp eyes,
fierce look
Real bad business,
that’s Dirty Work
Real bad business,
that’s Dirty Work
Real bad business,
that’s Dirty Work
Hold tight,
get tough
Real bad business,
that’s Dirty Work
Real bad business,
that’s Dirty Work
Real bad business,
that’s Dirty Work
We don’t see you as a threat
얄팍한 Rule 따윈
한 겹의 Glass
내 맘대로 해
깨트려 내
쉽게 난 두 발로
그 위를 Pass Yeah
Kick up the dust,
let ’em talk about it
Crawl out the mud,
let ’em know about it
번뇌를 깨우는 음률 속에
두 눈을 봐
Well you already found it
Drop it
low low low low low low
Work it out work it out
Drop it
low low low low low low
Work it out work it out
Drop it
low low low low low low
Work it out work it out
Drop it
low low low low low low
Work it out work it out
(Work It)
Sharp teeth,
bite first
Real bad business,
that’s Dirty Work
Real bad business,
that’s Dirty Work
Real bad business,
that’s Dirty Work
Bold eyes,
cold stare
Real bad business,
that’s Dirty Work
Real bad business,
that’s Dirty Work
Real bad business,
that’s Dirty Work
Work, work, work, work
work, work, work
Real bad business,
that’s Dirty Work
Real bad business,
that’s Dirty Work
Work, work, work, work
work, work, work
Real bad business,
that’s Dirty Work
Real bad business,
that’s Dirty Work"
Drowning,WOODZ,36397952,"미치도록 사랑했던
지겹도록 다투었던
네가 먼저 떠나고
여긴 온종일 비가 왔어
금세 턱 끝까지 차올랐고
숨이 막혀와
내 맘이란 추는 나를 더
깊게 더 깊게 붙잡아
Oh I’m drowning
It’s raining all day
I can't breathe
Oh oh I’m drowning
Oh I’m drowning
Oh I’m drowning
Oh I’m drowning
You’re taking my life from me
다 알면서 눈 감은 넌 왜
다정한 말로 나를 죽여놓고
날 누이고 너는 떠나갔지
You cut me bad,
I’m still waiting for you
너 떠나고 이곳은 잠겨 눈물로
날 너무 사랑했던 넌
어디로 흩어졌는지
내 맘이란 추는 나를 더
깊게 더 깊게 붙잡아
Oh I’m drowning
It’s raining all day
I can't breathe
Oh oh I’m drowning
Oh I’m drowning
Oh I’m drowning
Oh I’m drowning
You’re taking my life from me
더 깊이 빠져 죽어도 되니까
다시 한번만 돌아와 줄래
더 깊이 빠져 죽어도 되니까
다시 한번만
Oh I’m drowning
It’s raining all day
I can't breathe
Oh oh I’m drowning
Oh I’m drowning
Oh I’m drowning
Oh I’m drowning
You’re taking my life from me"
시작의 아이,마크툽 (MAKTUB),38388023,"존재하는 이유
그런 건 아무래도 좋으니
그리 즐겁지도 괴롭지도 않은
바람아 불어라
달을 찾는 이유
예쁜 건 언제 봐도 좋으니
나는 세계의 시계를 부수고
너에게 닿는다
너와 함께 바라본
붕괴하는 세상의 반짝임을
그 찰나를 별의 시작이라고 부를 거야
시간의 중력으로는 우리의 모든 이야기를
따라잡을 수 없을 테니까
시작의 푸름에
모든 이름에
네가 새겨져있을 뿐
낮과 밤을 지나 새벽 속에도
잠들지 않는 아이 아이야
열 번의 기적처럼
널 가득 안은 채
그대로 멈춰라
내 하루에 번져가는 시작의 너
달이 예쁘다고
네게 말해줬던 그 밤은
너무 뜨겁지도 아쉽지도 않은
고요함이었지
너를 찾은 이유
어쩌면 찾지 않았을지도
사실 언제 만났어도 지금처럼 너를 좋아했을 거야
너와 함께 바라본
마주하는 눈빛의 반짝임을
그 찰나를 시작의 별이라고 부를 거야
처음 느낌 그대로
우리의 모든 이야기를
완성해낼 수 있을 테니까
시작의 푸름에
모든 이름에
네가 새겨져있을 뿐
낮과 밤을 지나 새벽 속에도
잠들지 않는 아이 아이야
백야의 하늘 아래
널 가득 안은 채
그대로 멈춰라 내 하루에 번져가는 시작의 너
숨 쉴 수 있는 순간에 한 번 더 너를 안고
그 품이 그리워 미래에 더 아파할 거야
언젠가 시간보다 늦었던 마음이 밉지 않도록
천 개의 바람으로 날아가 흩어지기 전에
내 모든 이름에
꿈의 흐름에
네가 새겨져 있는 걸
숨과 바람 사이 영원속에도
잠들지 않는 아이 아이야
만개의 계절 속에
태어나는 시작의 푸름으로 부르는 노래
널 사랑하는 나의 마음이야
숨 쉴 수 있는 순간에 한 번 더 너를 안고
그 품이 그리워 더 아파할 거야"
너에게 닿기를,10CM,38626852,"따사로운 햇살 속에서
종소리가 울려 퍼지네
뺨을 매만지는 바람
한숨만은 깊어져만 가고
저 멀리서 핑 도는 눈물
이름을 붙여준 내일
포개어지는 미래 빛 라인
천진난만한 이런 기분도
신이 나서 날아갈 정도로 웃었던 날도
사랑스럽고 소중하게 키울 수 있도록
어렵고 힘들었던 시간을 넘어서
아주 많은 처음을 주었잖아
이어져 가서는 닿기를
천진난만한 이런 기분도
신이 나서 날아갈 정도로 웃었던 날도
사랑스럽고 소중하게 키울 수 있도록
어렵고 힘들었던 시간을 넘어서
아주 많은 처음을 주었잖아
이어져 가서는
천진난만한 이런 기분도
신이 나서 날아갈 정도로 웃었던 날도
사랑스럽고 소중하게 키울 수 있도록
어렵고 힘들었던 시간을 넘어서
아주 많은 처음을 주었잖아
이어져 가서는
이어져 가서는 닿기를"
Your Idol,KPop Demon Hunters Cast,39166714,"Pray for me now
Pray for me now (Dies irae)
Pray for me now (Illa)
Pray for me now (Vos solve in)
Pray for me now (Favilla)
Pray for me now (Maledictus)
Pray for me now (Erus)
Pray for me now (In flamas)
Pray for me now (Eternum)
I'll be your idol
Keeping you in check (Uh), keeping you obsessed (Uh)
Play me on repeat, 끝없이 in your head
Anytime it hurts (Uh), play another verse (Uh)
I can be your sanctuary
Know I'm the only one right now (Now)
I will love you more when it all burns down
More than power, more than gold (Yeah)
Yeah, you gave me your heart, now I'm here for your soul
I'm thе only one who'll love your sins
Feel the way my voicе gets underneath your skin
Listen 'cause I'm preachin' to the choir
Can I get the mic a little higher?
Gimme your desire
I can be the star you rely on (You rely on)
내 황홀에 취해, you can't look away (Hey)
Don't you know I'm here to save you
Now we runnin' wild
Yeah, I'm all you need, I'ma be your idol
Uh
Uh
Uh, 빛이나는 fame, 계속 외쳐, I'm your idol
Thank you for the pain 'cause it got me going viral
Uh, yeah, 낫지 않는 fever, makin' you a believer
나를 위해 넌 존재하는 아이들
Don't let it show, keep it all inside
The pain and the shame, keep it outta sight
Your obsession feeds our connection
이 순간 give me all your attention
You know I'm the only one who'll love your sins
Feel the way my voice gets underneath your skin
Listen 'cause I'm preachin' to the choir
Can I get the mic a little higher?
Gimme your desire
I can be the star you rely on (You rely on)
내 황홀에 취해, you can't look away (Yeah)
Don't you know I'm here to save you
Now we runnin' wild
Yeah, I'm all you need, I'ma be your idol
Be your idol
Living in your mind now
Too late 'cause you're mine now
I will make you free
When you're all part of me
(Listen 'cause I'm) Preaching to the choir
(Now) Can I get the mic a little higher?
Gimme your desire
Watch me set your world on fire
내 황홀에 취해, you can't look away (Hey)
No one is coming to save you
Now we runnin' wild
You're down on your knees, I'ma be your idol"
모르시나요(PROD.로코베리),조째즈,38429074,"찬바람 불어오니
그대 생각에 눈물짓네
인사 없이 떠나시던 날
그리움만 남겨놓고
그리워 글썽이는 내 가슴속에
오늘 그대 수천 번은 다녀가시네
나는 목놓아 그대를 소리쳐 불러도
그댄 아무런 대답조차 하지 않네요..
기다리는 나를 왜 모르시나요
어느 계절마다 난 기다리는데
그저 소리 없이 울수록 서러워 서러워
돌아와요 나의 그대여
모르시나요
눈물은 한없이 쏟아져 내려도
슬픈 나의 두 눈은 끝내 마를 날 없네
나의 이별은 이토록 왜 가슴 시린지
왜 나 혼자만 이렇게 또 가슴 아픈지
기다리는 나를 왜 모르시나요
어느 계절마다 난 기다리는데
그저 소리 없이 울수록 서러워 서러워
돌아와요 나의 그대여
모르시나요..
찬바람 불어오니
그대 생각에 눈물짓네
인사 없이 떠나시던 날
그리움만 두고가네"
Whiplash,aespa,38123332,"One look give ‘em Whiplash
Beat drop with a big flash
집중해 좀 더
Think fast
이유 넌 이해 못 해
왜 이제야
Know I did that
Day 1 know I been bad
Don’t stop
흔들린 채
무리해도
Can’t touch that
(Can't touch that)
Under pressure,
body sweating
Can you focus
어디서나 거침없어
I’m the coldest
오직 나만이
이 판을 바꿀 Changer
Just close your eyes,
breathe in and visualize
One look give ‘em Whiplash
Beat drop with a big flash
집중해 좀 더
Think fast
이유 넌 이해 못 해
왜 이제야
Know I did that
Day 1 know I been bad
Don’t stop
흔들린 채
무리해도
Can’t touch that
(Can't touch that)
Whip-Whiplash
Whip-Whiplash
Whip-Whiplash
Whip-Whiplash
Whip-Whiplash
Whip-Whiplash
Whip-Whiplash
One look give ‘em Whiplash
Fancy
이건 참 화려해
It’s glowing and it’s flashy
알아 적당함이 뭔지
Keep it classy
따라 하지
넌 또 하나부터 열까지
아닌척하지
Yeah
Under pressure,
body sweating
Can you focus
(Hoo)
I deliver, I can promise
I’m the coldest
(Cold)
외면해도 소용없지
Don't you blow it
Just close your eyes,
breathe in and visualize
시작되는 순간
끝나버린 판단
기횐 오직 One time
Unforgettable
찾아낸 The right light
사라지지 않아
눈에 새긴 One time
Unforgettable
One look give ‘em Whiplash
Beat drop with a big flash
집중해 좀 더
Think fast
이유 넌 이해 못 해
왜 이제야
Know I did that
Day 1 know I been bad
Don’t stop
흔들린 채
무리해도
Can’t touch that
(Can't touch that)
I’m the highlight
비춰 Red light
Yeah Tonight,
it's all about me
(All about me)
You know it’s my site 
거친 Next sigh
만들어갈 History
One look give ‘em Whiplash
(Whip-Whip)
Beat drop with a big flash
따라와 어서 Move fast
(Move move move)
이유 넌 이해 못 해
왜 이제야
Know I did that
(Did that)
Day 1 know I been bad
(Been bad)
Don’t stop
흔들린 채
다가와도
Can’t touch that
(Can't touch that)
Whip-Whiplash
Whip-Whiplash
Whip-Whiplash
Whip-Whiplash
Whip-Whiplash
Whip-Whiplash
Whip-Whiplash
One look give ‘em Whiplash"
WICKED,ALLDAY PROJECT,39180051,"Baby I’m the trillest
보란 듯 간이 배 밖에 
난 몰라 average 
Fashion game I manage
Gotta do some damage
네가 말한 놈이 나지
You gon’ need some cameras
To snap it flick it ‘cause we
Wicked wicked wicked (wicked)
Wicked wicked wicked (wicked)
Wicked wicked wicked (wicked)
Wicked wicked wicked (wicked)
Ha
You really talkin’ to me like that better know that I hit back ha
다 지겨워 말뿐인 chit chat
다시 refresh로 reset ha
R E S P E C T yuh
Give me ma respect
아무도 못 해 my vibe accept that
Pray one day you gon’ get that
Take your shot
Photoshoot
Pop pop pop
Photoshoot
Take your shot
Photoshoot
Pop pop pop
To snap it flick it ‘cause we
Wicked wicked wicked (wicked)
Wicked wicked wicked (wicked)
Wicked wicked wicked (wicked)
Wicked wicked wicked (wicked)
Wreckin’ like I’m demon keep yo compliment
My drip so sentimental mental miss a proof
With heavy metal that I set
The wave
They addicted, could’ve predicted
Ambition bring friction to ya jurisdiction 
Oh they be fiction, lackin’ conviction
Baby bite the bullet bet I’m wicked  
Take your shot
Photoshoot
Pop pop pop
Photoshoot
Take your shot
Photoshoot
Pop pop pop
To snap it flick it ‘cause we
Yeah we do this all day
Wicked but we don’t play
다 관심 없고 신경 꺼
난 내 갈 길 갈게
See me, Medusa
날 본 순간 freeze up
Gotta pop out and show out
They really not ready
Be scared when we pull up
허세는 안 떨어 
근데 ice chain 걸어 
여기 돈 다 털어 
착한 척 지겨워 
뺏길 바엔 나쁠래
판에 불 질러 버려 
그래 목숨 걸어
떨고 싶어도 못 떨어
Show up posin’ threats all ‘em posers breakin’ sweats
이제 다 stand up 전 세계가 stan us  
허기졌다길래 yeah we answered to the call
Lights camera action 
Take your shot
Photoshoot
Pop pop pop
Photoshoot
Take your shot
Photoshoot
Pop pop pop
To snap it flick it"
어제보다 슬픈 오늘,우디 (Woody),38733032,"밤새도록 내리던 소낙비가 네 모습을 지울까
네가 떠난 어제보다도 난 오늘이 더 슬퍼지고
나의 창에 비친 아침 햇살이 어젯밤을 다 지울까
퉁퉁 부은 내 눈 속에는 아직 너를 보낸 눈물이
거울 속에 비친 내 모습은 괜찮다며 웃는데
거울 밖에 난 울고 있잖아
넌 괜찮니 지금도 나는 실감 나지 않는다
어제 네가 쓰던 컵이 아직 나와 둘이 앉아 있고
너의 사랑이 머물다 떠난
내 방안의 슬픔은 내 가슴에 스며
내게 어제보다 더 큰 아픔을 주네
밤새도록 힘들게 취한다고 네 모습을 잊을까
어제 네가 했던 이별 얘기는 도무지 기억이 안 나
내 얼굴에 드리운 아침 햇살 힘들게 나 눈을 뜨면
네가 없는 텅 빈 침대만이 내 이별을 말하네
거울 속에 비친 내 모습은 괜찮다며 웃는데
거울 밖에 난 울고 있잖아
넌 괜찮니 아직도 나는 믿어지지 않는다
문득 현관문을 열면 네가 웃으면서 올 것 같아
너의 사랑이 남겨진 여기
이 공간의 슬픔은 내 두 눈을 적셔
오늘 어제보다 더 큰 슬픔이 되어
넌 괜찮니 지금도 나는 실감 나지 않는다
어제 네가 쓰던 컵이 아직 나와 둘이 앉아 있고
너의 사랑이 머물다 떠난
내 방안의 슬픔은 내 가슴에 스며
내게 어제보다 더 큰 아픔을 주네
어제보다 더 오늘이 아프다"
like JENNIE,제니 (JENNIE),38629386,"Come on, it’s gon be f*** hard
Special edition and your AI couldn’t copy 
I’m leaving clues in the fitting room and it’s hot tea 
No I’m not thinking ’bout no exes know they miss me 
I got the whole room spinning like it’s tipsy 
Don’t bore us take you to the chorus 
Whooooooo wanna rock with Jennie 
Keep your hair done, nails done like Jennie 
Who else got ‘em obsessed like Jennie 
Like like like 
Jennie Jennie Jennie 
I think I really like 
( Jennie Jennie Jennie )
Haters they don’t really like 
( Jennie Jennie Jennie )
Cause they can never ever be 
( Jennie Jennie Jennie )
But have you ever met 
Jennie Jennie Jennie Jennie 
Jennie 
It’s Jennie Jennie Jennie 
Jennie Jennie 
But have you ever met 
But have you ever met 
얼말 줘도 못해 서커스짓 
포징 한 번에 만들어 mosh pit 
They can't deal with me cause I’m priceless 
여러 셀럽들 속에 내 DNA 
Get get outta my way 
바비가 처키가 되기 전에
Name, shame, blame 
Tryna burst my bubble 
터트려봐 그럼 더 큰 홀에서
만나는 거야 제니를 
Keep shading 
예술작품엔 필요해 frame이 
I’ve slayed it, and I graved it 
Yes I'm guilty 잘난 게 죄니 
Whooooooo wanna rock with Jennie 
Keep you hair done, nails done like Jennie 
Who else got ’em obsessed like Jennie 
Like like like 
I think I really like Jennie 
Haters they don’t really like Jennie 
Cause they can never ever be Jennie 
But have you ever met 
Jennie Jennie Jennie 
Jennie Jennie Jennie Jennie 
It’s Jennie Jennie Jennie 
Jennie Jennie Jennie 
Jennie 
Like Jennie Jennie Jennie 
Jennie Jennie 
Rock with Jennie 
Keep your hair done, nails done like Jennie 
Who else got ’em obsessed like 
But have you ever met Jennie 
But have you ever met 
Jennie Jennie Jennie 
It’s Jennie Jennie Jennie Jennie"
"HOME SWEET HOME (feat. 태양, 대성)",G-DRAGON,38242510,"You say, It’s changed
Show must go on, Behave
오랜만에 옛 노래해
I’m feelin’ like I never left
(That’s right) I never left
But you ain’t know, O.K then lights camera, Act like you know
Don’t play on me no we’re
Air B&B, You’re ‘Home-less’
혼비백산-해진-미-장센 (mise-en-scène)
도레미파시도 (Now you know it)
두껍아 두껍아 Came with the troops
뜯고 맛보고 즐기고 big bang when I shoot
‘King’ in the Zoo, He gotta do what I do
1 of 1, not of them (mirror)
Man in the ‘Views’ Aimin’ at you?!
Yea, I’m aiming at a man & Amen achoo
Bless you all ‘Cleaned house’ Foo
Golden days are still alive
외롭다는 말하지 마
내가 있는 곳, 네가 있을 곳
The place that I belong 
HOME SWEET HOME
HOME SICK HOME
Well I said, I would be back
And I’d never let you go
Pick a petal off a flower
Daze you love me Nope? 
Well I said, I would be back
And I’d never let you go
Pick a petal off a flower
Do you love me or (STOP!)
Winner winner chicken killer, 삼계탕 dinner
하나 둘 set down (1, 2 step) ‘Fantastic’한 팀워크
Not mini, 많이. ‘More’
Rock, scissors, paper. ‘Toast’
This is how we do it just do it let’s do it y’all
Work- work- 월화수목금토- 일
They gon’ wait til’ I’m gone
So I came, I saw, I won
‘G just D’ Word is my bond
나 무대로 올라, Coup d’e shh
단숨에 호흡곤란, Hook catch this
아 ‘무제’ 도 몰라? Bull as shh
Whatever?! ‘Now or Never’
Golden days are still alive
외롭다는 말하지 마
네가 있을 곳에 내가 있는 걸
The place that I belong
 
HOME SWEET HOME
HOME SICK HOME
Well I said, I would be back
And I’d never let you go
Pick a petal off a flower
Daze you love me Nope? 
Well I said, I would be back
And I’d never let you go
Pick a petal off a flower
Do you love me or (STOP!)
We alike dead or alive, Your life? Still-life
It’s so nice, I missed u a lot, You’re welcome Back home, Wherever you are
We alike dead or alive, Your life is still with me Livin’ good-life, Day or Nights,
The high-light, It’s about time to ‘ROCK-ON’
HOME SWEET HOME
HOME SICK HOME
Well I said, I would be back
And I’d never let you go
Pick a petal off a flower
Daze you love me Nope? 
Well I said, I would be back
And I’d never let you go
Pick a petal off a flower
Do you love me or (STOP!)"
How It’s Done,HUNTR/X,39166703,"Ugh, you came at a bad time
But you just crossed the line
You wanna get wild?
Okay, I'll show you wild
Better come right, better luck tryin', gettin' to our level
'Cause you might die, never the time, tryna start a battle
Bleeding isn't in my blood, 뼈속부터 달라서
Beating you is what I do, do, do, yeah
Body on body, I'm naughty, not even sorry
And when you pull up, I'll pull up
A little late to the party (Na-na-na-na)
Locked and loaded, I was born for this
There ain't no point in avoiding it
Annoyed? A bit
불을 비춰 다 비켜, 네 앞길을 뺏겨
Knocking you out like a lullaby
Hear that sound ringing in your mind
Better sit down for the show
'Cause I'm gonna show you how it's done, done, done
(Hey) Huntrix don't miss
How it's done, done, done
(Hey) Huntrix don't quit
How it's done, done, done
Run, run, we run the town
Whole world playin' our sound
Turnin' up, it's goin' down
Huntrix show this, how it's done, done, done
Yeah, something about when you come for the crown
That's so humbling, huh?
갑자기 왜 그래? 먼저 건드려, 왜?
이제야 포기해, what?
Nothing to us, run up, you're done up, we come up
From sunup to sundown, so come out to play
Won either way, we're one in a million
We killin', we bring it, you want it? Okay
Heels, nails, blade, mascara
Fit check for my napalm era
Need to beat my face, make it cute and savage
Mirror, mirror on my phone, who's the baddest? (Us, hello?)
Knocking you out like a lullaby
Hear that sound ringing in your mind
Better sit down for the show
'Cause I'm gonna show you (I'm gonna show you)
(I'm gonna show you) How it's done, done, done
I don't talk, but I bite, full of venom (Uh)
Spittin' facts, you know that's
How it's done, done, done
Okay, like, I know I ramble
But when shootin' my words, I go Rambo
Took blood, sweat, and tears, to look natural (Uh)
That's how it's done, done, done
Hear our voice unwavering
'Til our song defeats the night
Makin' fear afraid to breathe
'Til the dark meets the light (How it's done, done, done)
Run, run, we run the town (Done, done, done)
Whole world playin' our sound (Done, done, done)
Turnin' up, it's going down (Done, done, done)
Huntrix, show this how it's done, done, done
We hunt you down, down, down (Down)
(Done, done, done)
We got you now, now, now (Got you now)
(Done, done, done)
We show you how, how, how (Show you how)
Huntrix, don't miss, how it's done, done, done"
Never Ending Story,아이유,39051429,"손 닿을 수 없는 저기 어딘가
오늘도 난 숨 쉬고 있지만
너와 머물던 작은 의자 위에
같은 모습의 바람이 지나네
너는 떠나며 마치 날 떠나가듯이
멀리 손을 흔들며
언젠가 추억에 남겨져 갈 거라고
그리워하면 언젠가 만나게 되는
어느 영화와 같은 일들이 이뤄져 가기를
힘겨워 한 날에 너를 지킬 수 없었던
아름다운 시절 속에 머문 그대이기에 
너는 떠나며 마치 날 떠나가듯이
멀리 손을 흔들며
언젠가 추억에 남겨져 갈 거라고
그리워하면 언젠가 만나게 되는
어느 영화와 같은 일들이 이뤄져 가기를
힘겨워 한 날에 너를 지킬 수 없었던
아름다운 시절 속에 머문 그대여
그리워하면 언젠가 만나게 되는
어느 영화와 같은 일들이 이뤄져 가기를
힘겨워 한 날에 너를 지킬 수 없었던
아름다운 시절 속에 머문 그대이기에"
청춘만화,이무진,38071559,"우린 멋진 나이야
좀 어리긴 하지만
하고픈 일이나 가고픈 길
해야 할 일들까지 많으니까
우린 확신 속에 숨은 불확실함
우리란 꽃말을 지닌 라일락
영원할 것만 같은 이 시간이다
던질게 이 청춘의 끝까지 날
깊이 잠겼어도 떠오른 때
쓰러졌어도 벅차오른 때
많은 어제를 지나왔으니
점이 되어버린 출발선에
무모했던 날의 날 데리러
언젠간 돌아갈 거라 믿어
푸르른 공기가 나를
사무친다 가득
하늘을 날을 수 있을 듯한 밤이다
잔요동이 헤엄쳐 오는 곳이
어딘지 몰라 안 가는 건 아니야
따사로운 온기가 닿을
구름을 향하는
비행이 망설여지기도 하겠지만
한 번뿐인 이 모험을 겁내진 않아
오늘보다 오래된 날은 없으니 어서
날아오르자
우린 멋진 나이지만
아직 어린아이라
빠르게 밀려오는 여정이
두렵게만 느껴질 때가 있다
오늘은 지나쳐가는 유람일까?
혹은 기나긴 꿈 이야긴가?
답을 찾는 건 어렵기만 하지만
따라야지 그게 청춘이라니까
누군 위에 누군 저기 아래
또 누군 다른 길로 떠났네
점점 혼잔 게 외롭긴 해도
멈추지만 않으면 도착해
끝과 시작의 과정 사이의 나의
쉼표를 그늘진 길가에다
푸르른 공기가 나를
사무친다 가득
하늘을 날을 수 있을 듯한 밤이다
잔요동이 헤엄쳐 오는 곳이
어딘지 몰라 안 가는 건 아니야
언젠가 마지막
안녕이란 인사 뒤에 나올 음악
시간은 흘러서 이건 명장면이 될 거야
조금은 씁쓸하겠지만서도
지나면 아련한 만화
그래서 찬란한
우리가 기다린 미래도 우릴 기다릴까
분명한 건 지금보다 환하게
빛날 거야 아직 서막일 뿐야
푸르른 공기가 날
사무쳐 안아
하늘을 날을 수 있을 듯한 밤이다
잔요동이 헤엄쳐 오는 곳으로 가자
이 세상에서 제일 높은 곳을 향해서
뛰어오르자"
APT.,로제 (ROSÉ),38120327,"아파트 아파트 
아파트 아파트 
아파트 아파트 
Uh, uh huh uh huh
 
아파트 아파트 
아파트 아파트 
아파트 아파트 
Uh, uh huh uh huh 
Kissy face, kissy face 
Sent to your phone but, 
I'm trying to kiss your lips for real 
Red hearts, red hearts 
That’s what I’m on yeah 
Come give me something I can feel 
Oh oh oh 
Don't you want me like I want you, baby 
Don't you need me like I need you now 
Sleep tomorrow but tonight go crazy 
All you gotta do is just meet me at the 
아파트 아파트 
아파트 아파트 
아파트 아파트 
Uh, uh huh uh huh 
아파트 아파트 
아파트 아파트 	
아파트 아파트
Uh, uh huh uh huh 
It’s whatever it’s whatever it’s whatever you like  
Turn this 아파트 into a club 
I’m talking drink, dance, smoke, freak, party all night 
건배 건배 girl what’s up 
Oh oh oh 
Don't you want me like I want you, baby 
Don't you need me like I need you now 
Sleep tomorrow but tonight go crazy 
All you gotta do is just meet me at the 
아파트 아파트 
아파트 아파트 
아파트 아파트 
Uh, uh huh uh huh
 
아파트 아파트 
아파트 아파트 
아파트 아파트 
Uh, uh huh uh huh
 
Hey so now you know the game 
Are you ready? 
Cause I’m comin to get ya 
Get ya, get ya 
Hold on, hold on 
I’m on my way 
Yeah yeah yeah yeah yeah 
I’m on my way 
Hold on, hold on
I’m on my way 
Yeah yeah yeah yeah yeah 
I’m on my way 
Don't you want me like I want you, baby 
Don't you need me like I need you now 
Sleep tomorrow but tonight go crazy 
All you gotta do is just meet me at the 
아파트 아파트 
아파트 아파트 
아파트 아파트 
Just meet me at the 
(Uh huh uh huh)
 
아파트 아파트 
아파트 아파트 
아파트 아파트 
Just meet me at the 
(Uh huh uh huh) 
아파트 아파트 
아파트 아파트 
아파트 아파트 
Just meet me at the 
(Uh huh uh huh) 
아파트 아파트 
아파트 아파트 
아파트 아파트 
Uh, uh huh uh huh"
나는 반딧불,황가람,38123338,"나는 내가 빛나는 별인 줄 알았어요
한 번도 의심한 적 없었죠
몰랐어요 난 내가 벌레라는 것을
그래도 괜찮아 난 눈부시니까
하늘에서 떨어진 별인 줄 알았어요
소원을 들어주는 작은 별
몰랐어요 난 내가 개똥벌레라는 것을
그래도 괜찮아 나는 빛날 테니까
나는 내가 빛나는 별인 줄 알았어요
한 번도 의심한 적 없었죠
몰랐어요 난 내가 벌레라는 것을
그래도 괜찮아 난 눈부시니까
한참 동안 찾았던 내 손톱
하늘로 올라가 초승달 돼 버렸지
주워 담을 수도 없게 너무 멀리 갔죠
누가 저기 걸어놨어 누가 저기 걸어놨어
우주에서 무주로 날아온
밤하늘의 별들이 반딧불이 돼 버렸지
내가 널 만난 것처럼 마치 약속한 것처럼
나는 다시 태어났지 나는 다시 태어났지
나는 내가 빛나는 별인 줄 알았어요
한 번도 의심한 적 없었죠
몰랐어요 난 내가 벌레라는 것을
그래도 괜찮아 난 눈부시니까
하늘에서 떨어진 별인 줄 알았어요
소원을 들어주는 작은 별
몰랐어요 난 내가 개똥벌레란 것을
그래도 괜찮아 나는 빛날 테니까"
HANDS UP,MEOVV (미야오),38865745,"이 길로 갈게 we gata
See above okay
We back on track
이미 백번째 나를 dead it
뜨거운 햇빛처럼 lit it
Samadhi we burn again
네 위를 봐
You can‘t deny
막힘 없지 
더 묻지마
Do what you please
거침없게
Don't cross the line
1, 2, 3 set it off
Try and catch up 수평 너머로
높이 용 솟음 쳐
마법같은 purr
이래 저래 해도 넌
‘Bout it ‘bout that, no you not
So what we gonna do?
I see you look at me now
Hands up 
Crack the sky open put your hands up
Break the sky let the water fall
손 위로 답을 몰라도
Throw it up what you wanna do?
Hands up 
Crack the sky open put your hands up
Break the sky let the water fall
손 위로 답을 몰라도
Throw it up what you wanna do?
이 길로 갈게 we gata 
See above okay
We back on track
이미 백번째 나를 dead it
뜨거운 햇빛처럼 lit it
Samadhi we burn again
Provocation ain't nothing new to me
휘둘러 봐 네 녹슨 sword
질투 가득한 admiration
Self affirmation yet still unsure
번쩍 뜨일거야 두 눈이
Me and my girls you dealin’ with
So 아리따운 killin’ 잔인한 willin’
Hands up who the real villain
내 안의 불씨들 won’t let it die
꺼지진 않겠어 I will survive
이래 저래 해도 넌
‘Bout it ‘bout that, no you not
So what we gonna do? 
I see you look at me now
Hands up 
Crack the sky open put your hands up
Break the sky let the water fall
손 위로 답을 몰라도
Throw it up what you wanna do?
Hands up 
Crack the sky open put your hands up
Break the sky let the water fall
손 위로 답을 몰라도
Throw it up what you wanna do?
불타는 마음 다 태워봐
어차피 또 피어날 테니까
이제 다시 거슬러 위로 아래로
다 뒤집어 
Let that drum go rum pu pu pum
Hands up 
Crack the sky open put your hands up
Break the sky open put your hands up
Crack the sky open put your hands up
Break the sky open put your 
Hands up"
TOO BAD (feat. Anderson .Paak),G-DRAGON,38589554,"‘G’, ‘A.P’
“Let me kill ’em like I usually do, Man.” 
Check it How do you do?
‘Tiki-Taka’ 난무 
불이나 축이듯, 땀이 주르르르륵
빛 쬐, Beautiful (That’s cool) 
살짝쿵 손만 잡고 짝짝꿍 볼 맞장구
게슴츠르레, G’azm 오르게 
Dang, Is she that good?! 
Baby Girl! Too bad for me 
There you go! Toot that! As for me?
All I want! Is in arms’ reach 
Break me off! Passionately 
Baby Girl! Too bad for me
There you go! Toot that! As for me?
All I want! Is in arms’ reach 
Break me off! Passionately 
긴가민가 어딘가 아리까리해
Flirting인가? Bluffing인가? U got me bad 
MBTI가 SEXY TYPE 하니 내 색시나 해
GD be like that N.G M이 나이 Zett
“I don’t think so.”
Baby Girl! Too bad for me 
There you go! Toot that! As for me?
All I want! Is in arms’ reach 
Break me off! Passionately 
Baby Girl! Too bad for me 
There you go! Toot that! As for me?
All I want! Is in arms’ reach
Break me off! Passionately 
You do somethin’ (to me) 
The chills runnin’ (thru me) 
I feel somethin’ (pull me) 
I’m still runnin’ (til’ I reach) 
You do somethin’ (to me) 
The chills runnin’ (thru me) 
I feel somethin’ (pull me) 
I’m still runnin’ (til’ I reach)
Come do something to me 
Come do something to me 
Come do something to me 
Too hot to touch, Show me
Come do something to me 
Come do something to me 
Come do something to me 
1, 2, You Too. Shall we? 
Baby Girl! Too bad for me 
There you go! Toot that! As for me?
All I want! Is in arms’ reach 
Break me off! Passionately 
Baby Girl! Too bad for me 
There you go! Toot that! As for me?
All I want! Is in arms’ reach
Break me off! Passionately 
You do somethin’ (to me) 
The chills runnin’ (thru me) 
I feel somethin’ (pull me) 
I’m still runnin’ (til’ I reach) 
You do somethin’ (to me) 
The chills runnin’ (thru me) 
I feel somethin’ (pull me) 
I’m still runnin’ (til’ I reach) 
You do somethin’ 
The chills runnin’ 
I feel somethin’ 
I’m still runnin’ (til’ I reach) 
You do somethin’ 
The chills runnin’ 
I feel somethin’ 
I’m still runnin’"
REBEL HEART,IVE (아이브),38444825,"시작은 항상 다 이룬 것처럼
엔딩은 마치 승리한 것처럼
겁내지 않고 마음을 쏟을래 
내 모양대로
이제 더 이상 신경 쓰지 않아
어디에서도 내 맘을 지키기
오해 받을 땐 자유에 맡겨둘래
다 알게 될 거니까
So you can 
Love me, hate me
You will never be never be never be me
Try me, I’ll break free
You will never be never be never be me
We are rebels in our heart,
Rebels in our heart 
We are rebels in our heart
We are rebels in our heart,
꺾이지 않아
We are rebels in our heart
너는 어디가 조금 부족해
너는 거기가 뭔가 좀 넘쳐
I don’t care 뭐든 말은 참 쉽지
그래 실행이 어려운 거야
Do it, move it, do it 
우린 그냥 할게
내 갈 길은 멀고 
그 위에는 드라마가 있어 
또 외로움이 너무 길어지는 밤엔 
그 맘을 쏘아 올려
Love me, hate me
You will never be never be never be me
Try me, I’ll break free
You will never be never be never be me
We are rebels in our heart,
Rebels in our heart 
We are rebels in our heart
We are rebels in our heart,
꺾이지 않아
We are rebels in our heart
Rebels in our heart!
우린 따로 이유를 묻지 않고 
서로가 필요할 때가 있어
그런 맘이 어떤 건지 잘 알기에
영원을 바라는 사이보단
지금을 이해해주고 싶어
We will always be the rebels 
Come, join as who you are
We are rebels, we are one
이 마음만으로
We are rebels, we are one
We are rebels in our heart,
Rebels in our heart 
We are rebels in our heart
We are rebels in our heart,
꺾이지 않아
We are rebels in our heart"
눈물참기,QWER,39117090,"맑은 하늘에 비 내리는 날
내 마음과 정말 닮아서 이상하네요
한 방울 한 방울씩 떨어지는 비가
점점 맘에 차서 숨쉬기가 힘들 것 같아요
세상이 아직은 무섭고
여전히 넘어지는 게
아직은 너무 어려운가 봐
눈물 멈추는 법을 몰라요
차디차고 너무 아파요
괜찮다는 말은 다 거짓말
비가 내리는 여기 남겨져
혼자 울고 싶지 않아요
알려주세요
눈물을 참는 방법
하나둘 한숨 위로 차오른 슬픔이
이제는 밖으로 다 쏟아져 넘칠 것 같아요
말해줘 다 잘될 거라고
도와줘 겁 많은 나라서
날 믿을 수 없을 땐, 어떡해야 하나요
누구라도 말해줘요
넘어지는 게 아직 너무 어려운가 봐
눈물 멈추는 법을 몰라요
차디차고 너무 아파요
괜찮다는 말은 다 거짓말
비가 내리는 여기 남겨져
혼자 울고 싶지 않아요
알려주세요
눈물을 참는 방법
내리던 비가 그치고 나면
내일이 꼭 올 테니까
눈물 멈추는 법을 몰라도
이런 내가 자꾸 미워도
잠시 멈춰 눈물을 삼키고
일기장 속에 적어 놓았던
“잘 지내나요?”란 말 위에
적어봐요
“이젠 잘 지낼게요”
잘 지낼게요"
오늘만 I LOVE YOU,BOYNEXTDOOR,38426197,"그날 이후로 난 이렇게 살고
더는 기타 한 번도 들지 못 하고
그날 이후로 난 이렇게 살아
웃기지 그런데
세탁기는 가득히 밀려버린 빨래를 토해내고
머리는 붕 떠 부스스해
나 빼고 분주한 창밖은 벚꽃마저 바쁘고
한심하기로
퍽 짝이 없어도
당장에 내가 내일
환생할 리 만무해도
추억 팔아서
곡이나 쓰는 건
딱 죽기보다 싫은데
그날 이후로 난 이렇게 살고
더는 기타 한 번도 들지 못 하고 
그날 이후로 난 이렇게 살아
웃기지 그런데
오늘만 I love you 愛してる 사랑해라 말하고
말하고 후회하면 좀 괜찮을까
Love you
Dum dum dum yeah
Dum dum dum yeah
Wanna tell ya
영감을 받은 척하고
뻔한 가사를 써봐도
돌고 돌아 종착지는 결국 you
So sick of being sober
너에 대한 노래 아닌 척
살아가겠지 오늘 내일 또 모레 지겹지만
추억 팔아서
곡이나 쓰는 건
딱 죽기보다 싫은데
그날 이후로 난 이렇게 살고
더는 기타 한 번도 들지 못 하고
그날 이후로 난 이렇게 살아
웃기지 그런데
오늘만 I love you 愛してる 사랑해라 말하고
말하고 후회하면 좀 괜찮을까
Love you
솔직히 말해 음악 같은 건
감정 소모밖엔 안 되니까
가사 쓰고 기타 치는 건 의미도 없고
억지스러운 감동 코드로 변질될 것 같아서 이만 할래
다 별거 없는 거잖아
(I love you)
Dum dum dum yeah
(愛してる 사랑해)
Dum dum dum yeah"
HAPPY,DAY6 (데이식스),37323944,"그런 날이 있을까요? 
마냥 좋은 그런 날이요
내일 걱정 하나 없이 
웃게 되는 그런 날이요
뭔가 하나씩은 
걸리는 게 생기죠
과연 행복할 수 있을까요 
그런 날이 있을까요? 
꿈을 찾게 되는 날이요 
너무 기뻐 하늘 보고
소리를 지르는 날이요
뭐 이대로 계속해서  
버티고 있으면 언젠가
그런 날이 올까요  
May I be happy? 
매일 웃고 싶어요
걱정 없고 싶어요
아무나 좀 답을 알려주세요
So help me
주저앉고 있어요
눈물 날 것 같아요
그러니까 제발 제발 제발요
Tell me it’s okay to be happy
알고리즘엔 잘된 사람만 
수도 없이 뜨네요 
뭐 이대로 계속해서 
살아만 있으면 언젠가
저런 날이 올까요  
May I be happy? 
매일 웃고 싶어요
걱정 없고 싶어요
아무나 좀 답을 알려주세요
So help me
주저앉고 있어요
눈물 날 것 같아요
그러니까 
Tell me it’s okay to be happy
그냥 쉽게 쉽게 살고 싶은데
내 하루하루는 왜 이리
놀라울 정도로 어려운 건데
May I be happy? 
매일 웃고 싶어요
걱정 없고 싶어요
아무나 좀 답을 알려주세요
So help me
주저앉고 있어요
눈물 날 것 같아요
그러니까 제발 제발 제발요
Tell me it’s okay to be happy"
빌려온 고양이 (Do the Dance),아일릿(ILLIT),39116012,"심장은 oh là là
두근대 이 순간
J’aime danser avec toi
I do I do
도착한 carnival
핑크빛 설렘
So curious
So fabulous
Like a roller coaster ride
근데 왜 뚝딱대
빌려온 고양이가 돼
볼은 blush 맘은 rush
A fool a fool a, for u
심장아 나대지 마
찌릿 찌릿 feel so shy
My heart starts to
Dance 
Do a little 
Do ah 
Do a little
Dance do a little dance
Do ya do ya 
Do you wanna dance?
대답은 하나뿐
Say “yes”
Dance 손을 잡은 채
Do it do it 
너와 나의 date
마법에 걸리게
Say “Yeah”
Do do do do do do the da da
Da da da da da da da dance
The la la la la little dance
꿍실냐옹
Do the dance, ah oui
Do do do do do do the da da
Da da da da da da da dance
The la la la la little dance
둠칫냐옹
날까? 아닐까?
네 맘속 그 아이
털 바짝 세워 feel you
애매모호 
알듯 말듯 암호 
So curious 
너무 불안해서
Like a roller coaster ride
나답지 않잖아
데이트도 기세야
그게 내 필살기
A fool a fool a, for u
밤이 되어 시작된
화려한 parade 속 
너와 함께
Dance 
Do a little 
Do ah 
Do a little
Dance do a little dance
Do ya do ya 
Do you wanna dance?
대답은 하나뿐
Say “yes”
Dance 손을 잡은 채
Do it do it 
너와 나의 date
마법에 걸리게
Say “Yeah”
Do do do do do do the da da
Da da da da da da da dance
The la la la la little dance
꿍실냐옹
Do the dance, ah oui
Do do do do do do the da da
Da da da da da da da dance
The la la la la little dance
둠칫냐옹"
STYLE,Hearts2Hearts (하츠투하츠),39161085,"넌 왜 늘 튀는데
진짜 재밌어
Low-key 그 자체인데
그게 별나
열심이지 않아
꾸미지 않아 Easy peasy
근데 참 이상해
왜 너만 보여
같이 걷자 난 다 궁금해
이어폰 속 Playlist
뭐야 그 노래 뭔데
학교 끝남 뭐해
누구랑 친해 어떤 색 좋아
I just wanna get close to you
뭐할까 말해봐
What you feelin’ like
너의 멜로디 그 템포는 Free
갇힐 것 하나 없지
Get up on this
Hey!
손과 손 사이 미묘해졌지
느낌 알지 지금부터
1, 2, 3!
Baby you make me smile
네 Style은 다 맞아
그게 너라서 더 좋아
Got that one of a kind
You got it
‘Cause you’re just my type
and I like your style
Dududu dududu
Dududu dududu
‘Cause you’re just my type
and I like your style
Dududu dududu
Dududu dududu
Yeah you’re just my type
and I like your style
그 얼굴 위에
내려앉아 녹은 해는
주홍빛 볼이 됐어
웃기지 이 순간마저
세상 오직 너만
가능한 장면이지
가졌어 넌 이미
같이 걷자 난 다 궁금해
너를 가슴 뛰게 하는 건
뭔데 Baby
별난, 귀여운, 고집 있는 너를
I just wanna get close to you
내 맘이 보이니
Hah hah hah ahhh
흰 도화지 위
쓱쓱 그린 Green
갇힐 것 하나 없지
Get up on this
Hey!
손과 손 사이 미묘해졌지
느낌 알지 지금부터
1, 2, 3!
Baby you make me smile
네 Style은 다 맞아
그게 너라서 더 좋아
Got that one of a kind
You got it
‘Cause you’re just my type
and I like your style
Dududu dududu
Dududu dududu
‘Cause you’re just my type
and I like your style
Dududu dududu
Dududu dududu
Yeah you’re just my type
and I like your style
넌 왜 늘 튀는데
진짜 재밌어
그 별난 유니버스
열심이지 않아 꾸미지 않아
그게 뭐야
그런데 이상해 왜 너만 보여
Baby you make me smile
네 Style은 다 맞아
그게 너라서 더 좋아
Got that one of a kind
You got it
‘Cause you’re just my type
and I like your style
오늘부터잖아 Just like that
너도 내 방식을 좋아해
너는 내 타입, 나만의 Style
폰에는 하트 가득한데
오늘부터잖아 Just like that
너도 내 방식을 좋아해
‘Cause you’re just my type
and I like your style"
LIKE YOU BETTER,프로미스나인,39187517,"You know what
This isn’t just a moment
And once you feel it 
there’s no turning back
널 닮은 파도에 Dive
I can go anywhere
말해봐 뭐든 say
붉게 타는 태양의 끝에
우릴 그려볼래
Let’s call ourselves the starlight
from summer days to the last dance
다쳐도 놓지 않을 이 Rendez-vous
So I know
바람 속에 몸을 맡긴채
So hit it off
1,2,3,4 Dive
I LIKE YOU BETTER
I LIKE YOU BETTER
You and I
Our love is true cause this is too great
I LIKE YOU BETTER
널 내일이라 부를래
더 뜨겁게
Oh 
달콤한 바람
So hit it off
1,2,3,4 Dive
Oh
네 꿈에 닿아 stay
네가 머문 계절 속에
끊임없이 떠다닐래
Break the compass 
I let you in but 
you gave me something really special
I’m gonna be with you
Like this Na Na Na
You’re never falling like that
Never gonna be wasting our time
from summer days 
to the last dance
아파도 놓지않을 이 Rendez-vous
So I know
너라면 어디든 가볼래
So hit it off
1,2,3,4 Dive
I LIKE YOU BETTER
I LIKE YOU BETTER
You and I
Our love is true cause this is too great
I LIKE YOU BETTER
널 내일이라 부를래
더 뜨겁게
Oh 
달콤한 바람
So hit it off
1,2,3,4 Dive
Oh
네 꿈에 닿아 stay
빛이 나 높은 하늘과
쏘아올린 sign
바래지지 않을 story
피어오르듯 타올라
나와 손을 뻗어 저 끝까지 high
I LIKE YOU BETTER
I LIKE YOU BETTER
You and I
Our love is true cause this is too great
I LIKE YOU BETTER
널 내일이라 부를래
더 뜨겁게
It doesn’t matter cause we’re better
when we are together
더 외쳐 here we go
I find it funny
See? Aren’t you glad we did this
together
Our love is true cause this is too great"
한 페이지가 될 수 있게,DAY6 (데이식스),31927275,"솔직히 말할게
많이 기다려 왔어
너도 그랬을 거라 믿어
오늘이 오길
매일같이 달력을 보면서
솔직히 나에게도
지금 이 순간은
꿈만 같아 너와 함께라
오늘을 위해
꽤 많은 걸 준비해 봤어
All about you and I
다른 건 다 제쳐 두고
Now come with me
Take my hand
아름다운 청춘의 한 장
함께 써내려 가자
너와의 추억들로
가득 채울래
Come on
아무 걱정도 하지는 마
나에게 다 맡겨 봐
지금 이 순간이
다시 넘겨볼 수 있는
한 페이지가 될 수 있게
This is our page
Our page
솔직히 말할게
지금이 오기까지
마냥 순탄하진 않았지
오늘이 오길
나도 목 빠져라 기다렸어
솔직히 나보다도
네가 몇 배는 더
힘들었을 거라고 믿어
오늘을 위해
그저 견뎌줘서 고마워
All about you and I
다른 건 다 제쳐 두고
Now come with me
Take my hand
아름다운 청춘의 한 장
함께 써내려 가자
너와의 추억들로
가득 채울래
Come on
아무 걱정도 하지는 마
나에게 다 맡겨 봐
지금 이 순간이
다시 넘겨볼 수 있는
한 페이지가 될 수 있게
Want you to
Come on out and have fun
Want us to
Have the time of our life
Oh
너와의 추억들로
가득 채울래
Come on
아무 걱정도 하지는 마
나에게 다 맡겨 봐
지금 이 순간이
다시 넘겨볼 수 있는
한 페이지가 될 수 있게
This is our page
Our page"
